{
	"info": {
		"_postman_id": "d7bb499c-e47d-4c68-8430-f5f0c51451b8",
		"name": "Trello API Project",
		"schema": "https://schema.getpostman.com/json/collection/v2.1.0/collection.json"
	},
	"item": [
		{
			"name": "create Organization",
			"event": [
				{
					"listen": "test",
					"script": {
						"exec": [
							"var apiorganizationID = pm.response.json().id;\r",
							"pm.collectionVariables.set(\"organizationId\", apiorganizationID);\r",
							"pm.test(\"Status code is 200\", function () {\r",
							"    pm.response.to.have.status(200);\r",
							"});\r",
							"\r",
							"\r",
							""
						],
						"type": "text/javascript"
					}
				}
			],
			"request": {
				"method": "POST",
				"header": [],
				"url": {
					"raw": "{{BASEURL}}1/organizations?displayName=API Organization Test&key={{key}}&token={{token}}",
					"host": [
						"{{BASEURL}}1"
					],
					"path": [
						"organizations"
					],
					"query": [
						{
							"key": "displayName",
							"value": "API Organization Test"
						},
						{
							"key": "key",
							"value": "{{key}}"
						},
						{
							"key": "token",
							"value": "{{token}}"
						}
					]
				}
			},
			"response": []
		},
		{
			"name": "get member id",
			"event": [
				{
					"listen": "test",
					"script": {
						"exec": [
							"pm.collectionVariables.set(\"id\", pm.response.json().id);\r",
							"console.log(pm.response.json().id);\r",
							"pm.test(\"Status code is 200\", function () {\r",
							"    pm.response.to.have.status(200);\r",
							"});\r",
							""
						],
						"type": "text/javascript"
					}
				}
			],
			"request": {
				"method": "GET",
				"header": [],
				"url": {
					"raw": "{{BASEURL}}1/members/me?key={{key}}&token={{token}}",
					"host": [
						"{{BASEURL}}1"
					],
					"path": [
						"members",
						"me"
					],
					"query": [
						{
							"key": "key",
							"value": "{{key}}"
						},
						{
							"key": "token",
							"value": "{{token}}"
						}
					]
				}
			},
			"response": []
		},
		{
			"name": "get Orgnization for member",
			"event": [
				{
					"listen": "test",
					"script": {
						"exec": [
							"pm.test(\"Status code is 200\", function () {\r",
							"    pm.response.to.have.status(200);\r",
							"});"
						],
						"type": "text/javascript"
					}
				}
			],
			"request": {
				"method": "GET",
				"header": [
					{
						"key": "Accept",
						"value": "application/json"
					}
				],
				"url": {
					"raw": "{{BASEURL}}1/members/:id/organizations?key={{key}}&token={{token}}",
					"host": [
						"{{BASEURL}}1"
					],
					"path": [
						"members",
						":id",
						"organizations"
					],
					"query": [
						{
							"key": "key",
							"value": "{{key}}"
						},
						{
							"key": "token",
							"value": "{{token}}"
						}
					],
					"variable": [
						{
							"key": "id",
							"value": "{{id}}"
						}
					]
				}
			},
			"response": []
		},
		{
			"name": "create new Board",
			"event": [
				{
					"listen": "test",
					"script": {
						"exec": [
							"var boardId =pm.response.json().id;\r",
							"pm.collectionVariables.set(\"boardId\",boardId);\r",
							"pm.test(\"Status code is 200\", function () {\r",
							"    pm.response.to.have.status(200);\r",
							"});"
						],
						"type": "text/javascript"
					}
				}
			],
			"request": {
				"method": "POST",
				"header": [],
				"url": {
					"raw": "{{BASEURL}}1/boards/?name=API new board&key={{key}}&token={{token}}&idOrganization={{organizationId}}",
					"host": [
						"{{BASEURL}}1"
					],
					"path": [
						"boards",
						""
					],
					"query": [
						{
							"key": "name",
							"value": "API new board"
						},
						{
							"key": "key",
							"value": "{{key}}"
						},
						{
							"key": "token",
							"value": "{{token}}"
						},
						{
							"key": "idOrganization",
							"value": "{{organizationId}}"
						}
					]
				}
			},
			"response": []
		},
		{
			"name": "get All Boards",
			"event": [
				{
					"listen": "test",
					"script": {
						"exec": [
							"pm.test(\"Status code is 200\", function () {\r",
							"    pm.response.to.have.status(200);\r",
							"});"
						],
						"type": "text/javascript"
					}
				}
			],
			"request": {
				"method": "GET",
				"header": [
					{
						"key": "Accept",
						"value": "application/json"
					}
				],
				"url": {
					"raw": "{{BASEURL}}1/organizations/:id/boards?key={{key}}&token={{token}}",
					"host": [
						"{{BASEURL}}1"
					],
					"path": [
						"organizations",
						":id",
						"boards"
					],
					"query": [
						{
							"key": "key",
							"value": "{{key}}"
						},
						{
							"key": "token",
							"value": "{{token}}"
						}
					],
					"variable": [
						{
							"key": "id",
							"value": "{{organizationId}}"
						}
					]
				}
			},
			"response": []
		},
		{
			"name": "create new list",
			"event": [
				{
					"listen": "test",
					"script": {
						"exec": [
							"var listId=pm.response.json().id;\r",
							"\r",
							"pm.collectionVariables.set(\"listId\", listId);\r",
							"pm.test(\"Status code is 200\", function () {\r",
							"    pm.response.to.have.status(200);\r",
							"});"
						],
						"type": "text/javascript"
					}
				}
			],
			"request": {
				"method": "POST",
				"header": [],
				"url": {
					"raw": "{{BASEURL}}1/lists?name=new List&idBoard={{boardId}}&key={{key}}&token={{token}}",
					"host": [
						"{{BASEURL}}1"
					],
					"path": [
						"lists"
					],
					"query": [
						{
							"key": "name",
							"value": "new List"
						},
						{
							"key": "idBoard",
							"value": "{{boardId}}"
						},
						{
							"key": "key",
							"value": "{{key}}"
						},
						{
							"key": "token",
							"value": "{{token}}"
						}
					]
				}
			},
			"response": []
		},
		{
			"name": "get  boards' lists",
			"event": [
				{
					"listen": "test",
					"script": {
						"exec": [
							"pm.test(\"Status code is 200\", function () {\r",
							"    pm.response.to.have.status(200);\r",
							"});"
						],
						"type": "text/javascript"
					}
				}
			],
			"request": {
				"method": "GET",
				"header": [
					{
						"key": "Accept",
						"value": "application/json"
					}
				],
				"url": {
					"raw": "{{BASEURL}}1/boards/:id/lists?key={{key}}&token={{token}}",
					"host": [
						"{{BASEURL}}1"
					],
					"path": [
						"boards",
						":id",
						"lists"
					],
					"query": [
						{
							"key": "key",
							"value": "{{key}}"
						},
						{
							"key": "token",
							"value": "{{token}}"
						}
					],
					"variable": [
						{
							"key": "id",
							"value": "{{boardId}}"
						}
					]
				}
			},
			"response": []
		},
		{
			"name": "archive or unarchive a list",
			"event": [
				{
					"listen": "test",
					"script": {
						"exec": [
							"pm.test(\"Status code is 200\", function () {\r",
							"    pm.response.to.have.status(200);\r",
							"});"
						],
						"type": "text/javascript"
					}
				}
			],
			"request": {
				"method": "PUT",
				"header": [],
				"url": {
					"raw": "{{BASEURL}}1/lists/:id/closed?key={{key}}&token={{token}}&value=true",
					"host": [
						"{{BASEURL}}1"
					],
					"path": [
						"lists",
						":id",
						"closed"
					],
					"query": [
						{
							"key": "key",
							"value": "{{key}}"
						},
						{
							"key": "token",
							"value": "{{token}}"
						},
						{
							"key": "value",
							"value": "true"
						}
					],
					"variable": [
						{
							"key": "id",
							"value": "{{listId}}"
						}
					]
				}
			},
			"response": []
		},
		{
			"name": "delete a board",
			"event": [
				{
					"listen": "test",
					"script": {
						"exec": [
							"pm.test(\"Status code is 200\", function () {\r",
							"    pm.response.to.have.status(200);\r",
							"});"
						],
						"type": "text/javascript"
					}
				}
			],
			"request": {
				"method": "DELETE",
				"header": [],
				"url": {
					"raw": "{{BASEURL}}1/boards/:id?key={{key}}&token={{token}}",
					"host": [
						"{{BASEURL}}1"
					],
					"path": [
						"boards",
						":id"
					],
					"query": [
						{
							"key": "key",
							"value": "{{key}}"
						},
						{
							"key": "token",
							"value": "{{token}}"
						}
					],
					"variable": [
						{
							"key": "id",
							"value": "{{boardId}}"
						}
					]
				}
			},
			"response": []
		},
		{
			"name": "delete an organization",
			"event": [
				{
					"listen": "test",
					"script": {
						"exec": [
							"pm.test(\"Status code is 200\", function () {\r",
							"    pm.response.to.have.status(200);\r",
							"});"
						],
						"type": "text/javascript"
					}
				}
			],
			"request": {
				"method": "DELETE",
				"header": [],
				"url": {
					"raw": "{{BASEURL}}1/organizations/:id?key={{key}}&token={{token}}",
					"host": [
						"{{BASEURL}}1"
					],
					"path": [
						"organizations",
						":id"
					],
					"query": [
						{
							"key": "key",
							"value": "{{key}}"
						},
						{
							"key": "token",
							"value": "{{token}}"
						}
					],
					"variable": [
						{
							"key": "id",
							"value": "{{organizationId}}"
						}
					]
				}
			},
			"response": []
		}
	],
	"event": [
		{
			"listen": "prerequest",
			"script": {
				"type": "text/javascript",
				"exec": [
					""
				]
			}
		},
		{
			"listen": "test",
			"script": {
				"type": "text/javascript",
				"exec": [
					""
				]
			}
		}
	],
	"variable": [
		{
			"key": "BASEURL",
			"value": "https://api.trello.com/",
			"type": "default"
		},
		{
			"key": "key",
			"value": "4e6c0a9f1c3b36d45e96e4ac1dcb28e4",
			"type": "default"
		},
		{
			"key": "token",
			"value": "ATTA49cfa67f85bffd9af51232a52a19a71df51b2367207ebbb9a2df4c3aab8f5e6298D129A9",
			"type": "default"
		},
		{
			"key": "id",
			"value": "",
			"type": "default"
		},
		{
			"key": "organizationId",
			"value": "",
			"type": "default"
		},
		{
			"key": "boardId",
			"value": "",
			"type": "default"
		},
		{
			"key": "listId",
			"value": "",
			"type": "default"
		}
	]
}